{
  "rmse": 5903.6633047152045,
  "mae": 3692.741227004678,
  "r2": 0.6875910422495256,
  "inference_latency_ms": 0.2140095370123163,
  "model": "ridge",
  "run_id": "9ff02c0d0efd4432b4ed7fef07e66cac"
}