{
  "rmse": 5903.8953051814215,
  "mae": 3690.3800496759227,
  "r2": 0.6875664878519465,
  "inference_latency_ms": 0.20800507219973952,
  "model": "lasso",
  "run_id": "e5508739a83f4f2db3d4cf8ad769029e"
}