{
  "rmse": 5903.8953051814215,
  "mae": 3690.3800496759227,
  "r2": 0.6875664878519465,
  "inference_latency_ms": 0.20654171050409786,
  "model": "lasso",
  "run_id": "4f124e712fd74670b26d9b29285c40b1"
}