{
  "rmse": 5463.103359528441,
  "mae": 2901.0272819861643,
  "r2": 0.7324782169008115,
  "inference_latency_ms": 0.5002983118174598,
  "model": "xgboost",
  "run_id": "f596ebfdaef44151b9498430e0bec0c2"
}