{
  "rmse": 5231.5896311055785,
  "mae": 2583.435935499914,
  "r2": 0.7546716959216477,
  "inference_latency_ms": 1.4385620231041685,
  "model": "random_forest",
  "run_id": "f40900a3ca3043df8e703c1a95a3fb96"
}