{
  "rmse": 5556.264878642953,
  "mae": 3019.6419161890103,
  "r2": 0.7232764002860473,
  "inference_latency_ms": 0.4314408148638904,
  "model": "xgboost",
  "run_id": "b78742305ea9473b8f3f593d7a6b67ef"
}