{
  "rmse": 5231.5896311055785,
  "mae": 2583.435935499914,
  "r2": 0.7546716959216477,
  "inference_latency_ms": 1.7760241698124446,
  "model": "random_forest",
  "run_id": "90cb076fc5a94c73bf05c6fabb4a8446"
}